-- phpMyAdmin SQL Dump
-- version 5.2.1
-- https://www.phpmyadmin.net/
--
-- Hôte : localhost
-- Généré le : ven. 21 nov. 2025 à 12:56
-- Version du serveur : 8.0.39
-- Version de PHP : 8.2.27

SET SQL_MODE = "NO_AUTO_VALUE_ON_ZERO";
START TRANSACTION;
SET time_zone = "+00:00";


/*!40101 SET @OLD_CHARACTER_SET_CLIENT=@@CHARACTER_SET_CLIENT */;
/*!40101 SET @OLD_CHARACTER_SET_RESULTS=@@CHARACTER_SET_RESULTS */;
/*!40101 SET @OLD_COLLATION_CONNECTION=@@COLLATION_CONNECTION */;
/*!40101 SET NAMES utf8mb4 */;

--
-- Base de données : `centre_de_formation`
--

-- --------------------------------------------------------

--
-- Structure de la table `etudiant`
--

CREATE TABLE `etudiant` (
  `id_etudiant` int NOT NULL,
  `nom` varchar(50) COLLATE utf8mb4_general_ci DEFAULT NULL,
  `prenom` varchar(50) COLLATE utf8mb4_general_ci DEFAULT NULL,
  `email` varchar(100) COLLATE utf8mb4_general_ci NOT NULL
) ENGINE=InnoDB DEFAULT CHARSET=utf8mb4 COLLATE=utf8mb4_general_ci;

--
-- Déchargement des données de la table `etudiant`
--

INSERT INTO `etudiant` (`id_etudiant`, `nom`, `prenom`, `email`) VALUES
(1, 'Dupont', 'Marc', 'marc.dupont@mail.com\r\n'),
(2, 'Martin', 'Lea', 'lea.martin@mail.com\r\n'),
(3, 'Durand', 'Karim', 'karim.durand@mail.com\r\n');

-- --------------------------------------------------------

--
-- Structure de la table `formateur`
--

CREATE TABLE `formateur` (
  `id_formateur` int NOT NULL,
  `nom` varchar(50) COLLATE utf8mb4_general_ci DEFAULT NULL,
  `prenom` varchar(50) COLLATE utf8mb4_general_ci DEFAULT NULL,
  `specialite` varchar(100) COLLATE utf8mb4_general_ci NOT NULL
) ENGINE=InnoDB DEFAULT CHARSET=utf8mb4 COLLATE=utf8mb4_general_ci;

--
-- Déchargement des données de la table `formateur`
--

INSERT INTO `formateur` (`id_formateur`, `nom`, `prenom`, `specialite`) VALUES
(1, 'Bernard', 'Sophie', 'Bases de données\r\n'),
(2, 'Lopez', 'Julien', 'Réseaux'),
(3, 'Renaud', 'Clara', 'Développement Web\r\n');

-- --------------------------------------------------------

--
-- Structure de la table `formation`
--

CREATE TABLE `formation` (
  `id_formation` int NOT NULL,
  `intitule` varchar(100) COLLATE utf8mb4_general_ci DEFAULT NULL,
  `duree_heures` int DEFAULT NULL,
  `id_formateur` int NOT NULL
) ENGINE=InnoDB DEFAULT CHARSET=utf8mb4 COLLATE=utf8mb4_general_ci;

--
-- Déchargement des données de la table `formation`
--

INSERT INTO `formation` (`id_formation`, `intitule`, `duree_heures`, `id_formateur`) VALUES
(1, 'BTS SIO SLAM', 1200, 3),
(2, 'BTS SIO SISR', 1200, 2),
(3, 'SQL Niveau 1', 40, 1);

-- --------------------------------------------------------

--
-- Structure de la table `inscription`
--

CREATE TABLE `inscription` (
  `id_inscription` int NOT NULL,
  `id_etudiant` int NOT NULL,
  `id_formation` int NOT NULL,
  `date_inscription` date DEFAULT NULL
) ENGINE=InnoDB DEFAULT CHARSET=utf8mb4 COLLATE=utf8mb4_general_ci;

--
-- Déchargement des données de la table `inscription`
--

INSERT INTO `inscription` (`id_inscription`, `id_etudiant`, `id_formation`, `date_inscription`) VALUES
(1, 1, 3, '2025-11-19'),
(2, 2, 1, '2025-11-18'),
(3, 3, 1, '2025-11-20');

-- --------------------------------------------------------

--
-- Structure de la table `module`
--

CREATE TABLE `module` (
  `id_module` int NOT NULL,
  `nom_module` varchar(100) COLLATE utf8mb4_general_ci DEFAULT NULL,
  `id_formation` int NOT NULL
) ENGINE=InnoDB DEFAULT CHARSET=utf8mb4 COLLATE=utf8mb4_general_ci;

--
-- Déchargement des données de la table `module`
--

INSERT INTO `module` (`id_module`, `nom_module`, `id_formation`) VALUES
(1, 'SQL – Initiation', 3),
(2, 'HTML/CSS', 1),
(3, 'Administration réseaux', 2);

-- --------------------------------------------------------

--
-- Structure de la table `salle`
--

CREATE TABLE `salle` (
  `id_salle` int NOT NULL,
  `nom_salle` varchar(50) COLLATE utf8mb4_general_ci DEFAULT NULL,
  `capacite` int DEFAULT NULL
) ENGINE=InnoDB DEFAULT CHARSET=utf8mb4 COLLATE=utf8mb4_general_ci;

--
-- Déchargement des données de la table `salle`
--

INSERT INTO `salle` (`id_salle`, `nom_salle`, `capacite`) VALUES
(1, 'Salle A01', 30),
(2, 'Salle B12', 20),
(3, 'Salle Info', 16);

--
-- Index pour les tables déchargées
--

--
-- Index pour la table `etudiant`
--
ALTER TABLE `etudiant`
  ADD PRIMARY KEY (`id_etudiant`),
  ADD UNIQUE KEY `email` (`email`);

--
-- Index pour la table `formateur`
--
ALTER TABLE `formateur`
  ADD PRIMARY KEY (`id_formateur`);

--
-- Index pour la table `formation`
--
ALTER TABLE `formation`
  ADD PRIMARY KEY (`id_formation`),
  ADD KEY `id_formateur` (`id_formateur`);

--
-- Index pour la table `inscription`
--
ALTER TABLE `inscription`
  ADD PRIMARY KEY (`id_inscription`),
  ADD KEY `id_formation` (`id_formation`,`id_etudiant`),
  ADD KEY `id_etudiant` (`id_etudiant`);

--
-- Index pour la table `module`
--
ALTER TABLE `module`
  ADD PRIMARY KEY (`id_module`),
  ADD KEY `id_formation` (`id_formation`);

--
-- Index pour la table `salle`
--
ALTER TABLE `salle`
  ADD PRIMARY KEY (`id_salle`);

--
-- AUTO_INCREMENT pour les tables déchargées
--

--
-- AUTO_INCREMENT pour la table `etudiant`
--
ALTER TABLE `etudiant`
  MODIFY `id_etudiant` int NOT NULL AUTO_INCREMENT, AUTO_INCREMENT=4;

--
-- AUTO_INCREMENT pour la table `formateur`
--
ALTER TABLE `formateur`
  MODIFY `id_formateur` int NOT NULL AUTO_INCREMENT, AUTO_INCREMENT=4;

--
-- AUTO_INCREMENT pour la table `formation`
--
ALTER TABLE `formation`
  MODIFY `id_formation` int NOT NULL AUTO_INCREMENT, AUTO_INCREMENT=4;

--
-- AUTO_INCREMENT pour la table `inscription`
--
ALTER TABLE `inscription`
  MODIFY `id_inscription` int NOT NULL AUTO_INCREMENT, AUTO_INCREMENT=4;

--
-- AUTO_INCREMENT pour la table `module`
--
ALTER TABLE `module`
  MODIFY `id_module` int NOT NULL AUTO_INCREMENT, AUTO_INCREMENT=4;

--
-- AUTO_INCREMENT pour la table `salle`
--
ALTER TABLE `salle`
  MODIFY `id_salle` int NOT NULL AUTO_INCREMENT, AUTO_INCREMENT=4;

--
-- Contraintes pour les tables déchargées
--

--
-- Contraintes pour la table `formation`
--
ALTER TABLE `formation`
  ADD CONSTRAINT `formation_ibfk_1` FOREIGN KEY (`id_formateur`) REFERENCES `formateur` (`id_formateur`);

--
-- Contraintes pour la table `inscription`
--
ALTER TABLE `inscription`
  ADD CONSTRAINT `inscription_ibfk_1` FOREIGN KEY (`id_formation`) REFERENCES `formation` (`id_formation`),
  ADD CONSTRAINT `inscription_ibfk_2` FOREIGN KEY (`id_etudiant`) REFERENCES `etudiant` (`id_etudiant`);

--
-- Contraintes pour la table `module`
--
ALTER TABLE `module`
  ADD CONSTRAINT `module_ibfk_1` FOREIGN KEY (`id_formation`) REFERENCES `formation` (`id_formation`);
COMMIT;

/*!40101 SET CHARACTER_SET_CLIENT=@OLD_CHARACTER_SET_CLIENT */;
/*!40101 SET CHARACTER_SET_RESULTS=@OLD_CHARACTER_SET_RESULTS */;
/*!40101 SET COLLATION_CONNECTION=@OLD_COLLATION_CONNECTION */;
